id,name,slug,parentId,createdAt,updatedAt
007add5d-046c-46ef-879d-b48fcf3cd897,Diğer,et-tavuk-balik-hindi-diger,b9c7d035-15ca-477e-80d5-94ddae6bad49,2026-03-08 14:38:54.923,2026-03-08 17:37:25.183
00b970e1-9618-438d-97df-5370b6e52f13,Bulyon,temel-gida-bulyon,608a147e-1b22-4b90-a8c5-295841b4bbde,2026-03-08 14:36:50.555,2026-03-08 17:35:01.475
0273f360-75e9-4f56-aeee-a62dd1d17348,Soslar,temel-gida-soslar,608a147e-1b22-4b90-a8c5-295841b4bbde,2026-03-08 14:37:35.326,2026-03-08 17:35:54.893
03ccd541-f911-4b22-a3c0-cc08f8eb16d4,Kuruyemiş,atistirmalik-kuruyemis,060bf425-1dd0-4076-bb50-d8e41146e743,2026-03-08 14:36:49.6,2026-03-08 17:35:00.414
04846391-7ead-4800-ae1b-0570a7b33d73,Kabak Çekirdeği,atistirmalik-kuruyemis-kabak-cekirdegi,03ccd541-f911-4b22-a3c0-cc08f8eb16d4,2026-03-08 14:37:59.189,2026-03-08 17:36:22.26
04df297d-f288-4357-b72d-0f0040729f18,Chia Tohumu,temel-gida-chia-tohumu,608a147e-1b22-4b90-a8c5-295841b4bbde,2026-03-08 14:37:29.644,2026-03-08 17:35:47.714
060bf425-1dd0-4076-bb50-d8e41146e743,Atıştırmalık,atistirmalik,,2026-03-08 14:36:39.365,2026-03-08 17:34:48.958
07769345-c88a-43d4-9169-056754138921,Kedi Maması,evcil-hayvan-kedi-mamasi,0da787f5-e2b3-463b-83fc-8c302dfc49d4,2026-03-08 14:37:49.597,2026-03-08 17:36:11.439
07ad2126-fa72-459c-a94f-9a26b62e59e0,Dana Kıyma,et-tavuk-balik-kirimizi-et-dana-kiyma,1097933a-9a1c-455d-98f3-77760b4590d8,2026-03-08 14:38:13.97,2026-03-08 17:36:38.919
087cb154-fd20-4c1d-9072-348ff578552d,Çavdarlı Ekmek,firin-pastane-ekmek-cavdarli-ekmek,b44c7330-32c1-461f-a1c9-7bb81ad88d6d,2026-03-08 14:38:22.984,2026-03-08 17:36:49.085
08c1a351-71c9-445f-9062-11ad79f83672,Mısır Unu,temel-gida-un-misir-unu,28f5c3aa-3ebb-4352-ba97-5a9a6e2ebaeb,2026-03-08 14:38:46.4,2026-03-08 17:37:15.415
099c96b6-e150-4a38-a769-2cf6408939a4,Tavuk Baget,et-tavuk-balik-tavuk-tavuk-baget,7c9df1e9-4642-4e15-ac7f-8de56de378a7,2026-03-08 14:38:10.083,2026-03-08 17:36:34.565
09d2d7b6-3de6-4958-a16b-08ed567fb0b8,Baklavalık Yufka,firin-pastane-yufka-baklavalik-yufka,3cad7077-bfef-48db-b3e6-995303de049a,2026-03-08 14:38:21.564,2026-03-08 17:36:47.491
0b2de81b-155e-4eb0-b88b-2230adcce768,Hurma,meyve-sebze-meyve-hurma,cfc6e283-fd9d-4f84-b649-b0cd0a4bf10c,2026-03-08 14:39:03.143,2026-03-08 17:37:34.558
0b386088-f4bb-421a-a2d7-afa59511b04d,Cin Mısır,temel-gida-cin-misir,608a147e-1b22-4b90-a8c5-295841b4bbde,2026-03-08 14:37:28.699,2026-03-08 17:35:46.472
0be8c12a-f129-43dc-88b8-ea2fe0b5142b,Genel Elektronik,elektronik-genel-elektronik,b0435fff-e1cb-48a1-80f2-4191a55a6132,2026-03-08 14:36:51.978,2026-03-08 17:35:03.068
0d1a366c-b774-4dc6-82f0-c475be024e0a,Sağlık,kisisel-bakim-kozmetik-saglik,6a5a4424-d133-47a3-8ff0-71380516b405,2026-03-08 14:37:10.613,2026-03-08 17:35:24.238
0da787f5-e2b3-463b-83fc-8c302dfc49d4,Evcil Hayvan,evcil-hayvan,,2026-03-08 14:36:47.126,2026-03-08 17:34:57.651
102e9fd1-32a5-4cc2-b733-358a8eb383ac,Noodle,temel-gida-noodle,608a147e-1b22-4b90-a8c5-295841b4bbde,2026-03-08 14:37:38.626,2026-03-08 17:35:58.934
1092c11c-c339-406b-ad61-3e485c8d3a84,Okul & Kırtasiye & Oyuncak,okul-kirtasiye-oyuncak,,2026-03-08 14:36:47.643,2026-03-08 17:34:58.209
1097933a-9a1c-455d-98f3-77760b4590d8,Kırımızı Et,et-tavuk-balik-kirimizi-et,4065784c-01c9-41d6-b562-6c62db572089,2026-03-08 14:36:54.905,2026-03-08 17:35:06.441
116e27fc-596c-4c4b-969e-8837ced2c16d,Kepekli Ekmek,firin-pastane-ekmek-kepekli-ekmek,b44c7330-32c1-461f-a1c9-7bb81ad88d6d,2026-03-08 14:38:23.457,2026-03-08 17:36:49.616
13182cd1-2c52-4d96-9725-37d62828d3e3,Kuru Fasulye,temel-gida-kuru-fasulye,608a147e-1b22-4b90-a8c5-295841b4bbde,2026-03-08 14:37:27.283,2026-03-08 17:35:44.619
138b5a88-ce60-4bb0-8b74-e2a48700106d,Diğer,et-tavuk-balik-tavuk-diger,7c9df1e9-4642-4e15-ac7f-8de56de378a7,2026-03-08 14:38:55.395,2026-03-08 17:37:25.721
13c3d4ff-b6f4-4b2c-b819-a743b28875a5,Margarin,temel-gida-margarin,608a147e-1b22-4b90-a8c5-295841b4bbde,2026-03-08 14:37:54.813,2026-03-08 17:36:17.312
1415a4e6-c687-4ebf-897a-6ca2e1a88d4c,Salatalık,meyve-sebze-sebze-salatalik,89769bae-df7e-49b8-ab45-38811e738e42,2026-03-08 14:38:35.401,2026-03-08 17:37:03.066
143ebf3b-76b1-494b-a3b0-696f0ffb93b9,Balık,et-tavuk-balik-balik,4065784c-01c9-41d6-b562-6c62db572089,2026-03-08 14:36:54.34,2026-03-08 17:35:05.903
15b99ccd-06e9-4b26-a2b2-9d6e612c7ae8,Tekli Dondurma,atistirmalik-tekli-dondurma,060bf425-1dd0-4076-bb50-d8e41146e743,2026-03-08 14:36:51.032,2026-03-08 17:35:02.006
15c5eb41-ac6d-4d9d-8f23-75df3354d3a6,Salam,et-tavuk-balik-salam,4065784c-01c9-41d6-b562-6c62db572089,2026-03-08 14:36:56.326,2026-03-08 17:35:08.049
1714044b-bd1a-4ac4-9094-79ab6a8d6ef4,Sakatat,et-tavuk-balik-kirimizi-et-sakatat,1097933a-9a1c-455d-98f3-77760b4590d8,2026-03-08 14:38:57.451,2026-03-08 17:37:28.019
17c8c6e0-3a8e-4649-9d0d-46ce76e5187d,Peçete & Kağıt Mendil,kagit-urunleri-pecete-kagit-mendil,e98e5b26-bcd6-4c10-8896-265d8020b906,2026-03-08 14:37:04.84,2026-03-08 17:35:17.739
181f020e-7bcd-4003-b66d-bcdd05b14b59,Sucuk,et-tavuk-balik-sucuk,4065784c-01c9-41d6-b562-6c62db572089,2026-03-08 14:36:55.376,2026-03-08 17:35:06.977
19c52668-2204-48f8-94bc-861a994087ef,Hazır Çorbalar,temel-gida-hazir-corbalar,608a147e-1b22-4b90-a8c5-295841b4bbde,2026-03-08 14:37:34.853,2026-03-08 17:35:54.258
1a6c2e5f-1e32-4a77-9d97-119d041936c5,Pastırma,et-tavuk-balik-pastirma,4065784c-01c9-41d6-b562-6c62db572089,2026-03-08 14:36:57.285,2026-03-08 17:35:09.112
1a97211e-845b-4790-af27-9bf5136c1ce4,Ton Balığı,et-tavuk-balik-balik-ton-baligi,143ebf3b-76b1-494b-a3b0-696f0ffb93b9,2026-03-08 14:38:13.022,2026-03-08 17:36:37.858
1ae2a842-b67e-49c8-bd3f-6ac9768cf61b,Domates,meyve-sebze-sebze-domates,89769bae-df7e-49b8-ab45-38811e738e42,2026-03-08 14:38:31.617,2026-03-08 17:36:58.766
1b3c7d47-8963-4879-a348-ac1f13ef14aa,Diğer,temizlik-camasir-suyu-diger,e8bec22d-801e-48d0-9e9c-8bf8c86f33be,2026-03-08 14:38:49.242,2026-03-08 17:37:18.689
1c4345b1-acf1-45e8-967d-0a16f8257981,Mezeler,hazir-yemek-dondurulmus-mezeler,dd0fa04e-6378-4792-9424-0c59497aec3d,2026-03-08 14:37:02.482,2026-03-08 17:35:15.074
1ca0660c-bfd4-4f9a-b87f-e268a5925584,İç Ceviz,atistirmalik-kuruyemis-ic-ceviz,03ccd541-f911-4b22-a3c0-cc08f8eb16d4,2026-03-08 14:38:04.86,2026-03-08 17:36:28.699
1d3e9ec8-7dd8-45c4-a95a-8795d83b5a01,Hamburger Ekmeği,firin-pastane-ekmek-hamburger-ekmegi,b44c7330-32c1-461f-a1c9-7bb81ad88d6d,2026-03-08 14:38:22.511,2026-03-08 17:36:48.554
1ddf87f0-dc83-41e2-b246-6d935c6e625e,Hindi Göğüs,et-tavuk-balik-hindi-hindi-gogus,b9c7d035-15ca-477e-80d5-94ddae6bad49,2026-03-08 14:38:54.449,2026-03-08 17:37:24.65
1f9356ba-d01f-489d-b9d4-43ac254999ce,Diğer,temel-gida-sivi-yaglar-diger,e93488bb-19cf-4fd5-ae25-9a614cf97e51,2026-03-08 14:39:09.77,2026-03-08 17:37:43.592
20047936-cbfe-411a-9a09-1d711b7b9c0e,Yoğurt,sut-urunleri-yogurt,c9297de2-9212-44e2-a2ee-825cc407aaa3,2026-03-08 14:37:24.811,2026-03-08 17:35:41.851
204b3b52-3f37-4b34-a1ae-ddb6dda6a118,Kırmızı Mercimek,temel-gida-kirmizi-mercimek,608a147e-1b22-4b90-a8c5-295841b4bbde,2026-03-08 14:37:32,2026-03-08 17:35:50.931
2162db40-6353-4195-b1c2-dae30a331f1d,Mango,meyve-sebze-meyve-mango,cfc6e283-fd9d-4f84-b649-b0cd0a4bf10c,2026-03-08 14:38:29.238,2026-03-08 17:36:56.112
21726ba8-dce3-4f90-a01e-5fbbc586c865,Dana Pastırma,et-tavuk-balik-pastirma-dana-pastirma,1a6c2e5f-1e32-4a77-9d97-119d041936c5,2026-03-08 14:38:18.248,2026-03-08 17:36:43.715
21d81f2a-3bdc-4379-8778-c25cdf4010a7,Tavuk Taşlık,et-tavuk-balik-tavuk-tavuk-taslik,7c9df1e9-4642-4e15-ac7f-8de56de378a7,2026-03-08 14:38:11.603,2026-03-08 17:36:36.262
2204757a-34a7-4d14-8e9c-86003b552078,Antrikot,et-tavuk-balik-kirimizi-et-antrikot,1097933a-9a1c-455d-98f3-77760b4590d8,2026-03-08 14:38:56.343,2026-03-08 17:37:26.836
22401168-e393-4a12-9c9e-8a7b2d44597c,Turşular,temel-gida-tursular,608a147e-1b22-4b90-a8c5-295841b4bbde,2026-03-08 14:37:40.61,2026-03-08 17:36:01.072
22873daa-35a4-4cd4-9abb-10fdd899be22,Bal,kahvaltilik-bal,a5ff0222-bb3d-426a-b926-d82edd08488d,2026-03-08 14:37:17.253,2026-03-08 17:35:31.83
243938e6-c04d-4131-9109-fd9423ab97b2,Mandalina,meyve-sebze-meyve-mandalina,cfc6e283-fd9d-4f84-b649-b0cd0a4bf10c,2026-03-08 14:39:05.511,2026-03-08 17:37:38.547
24661815-d76f-4e39-a94c-06d3d8be339a,Altın Çilek,meyve-sebze-meyve-altin-cilek,cfc6e283-fd9d-4f84-b649-b0cd0a4bf10c,2026-03-08 14:39:03.618,2026-03-08 17:37:35.507
25572f12-c8d9-41cb-b3d4-eb1d08db0cac,Ağız & Diş Bakımı,kisisel-bakim-kozmetik-agiz-dis-bakimi,6a5a4424-d133-47a3-8ff0-71380516b405,2026-03-08 14:37:06.254,2026-03-08 17:35:19.451
255a7809-ed3f-4a4e-a20c-fe2cf582a2eb,Meyve Özü & Şurup,temel-gida-meyve-ozu-surup,608a147e-1b22-4b90-a8c5-295841b4bbde,2026-03-08 14:37:37.212,2026-03-08 17:35:57.275
25f5a722-e0dc-40cf-bedb-92955548a5a2,Meyve & Sebze,meyve-sebze,,2026-03-08 14:36:44.236,2026-03-08 17:34:54.365
26f27062-5d61-4bdf-8164-e3cd4347f288,Börülce,temel-gida-borulce,608a147e-1b22-4b90-a8c5-295841b4bbde,2026-03-08 14:37:29.171,2026-03-08 17:35:47.104
2847a6ec-4b47-4296-ab96-ec6dde84dd60,Kireç Önleyici,temizlik-kirec-onleyici,86d91619-3cdd-47d7-ad24-c537dc35d8fb,2026-03-08 14:37:44.863,2026-03-08 17:36:05.968
28f5c3aa-3ebb-4352-ba97-5a9a6e2ebaeb,Un,temel-gida-un,608a147e-1b22-4b90-a8c5-295841b4bbde,2026-03-08 14:37:42.031,2026-03-08 17:36:02.667
299889bc-e5bd-4a45-a7fd-f6daa26475ff,Hindi Jambon,et-tavuk-balik-jambon-hindi-jambon,5db676ec-c281-4ef5-bb6b-2b89af23d349,2026-03-08 14:38:20.147,2026-03-08 17:36:45.897
2aac3608-c038-404a-b3cd-3889083f98c4,Bazlama,firin-pastane-ekmek-bazlama,b44c7330-32c1-461f-a1c9-7bb81ad88d6d,2026-03-08 14:38:58.406,2026-03-08 17:37:29.103
2ab370a9-765f-4543-a284-519e961540e6,Yer Fıstığı,atistirmalik-kuruyemis-yer-fistigi,03ccd541-f911-4b22-a3c0-cc08f8eb16d4,2026-03-08 14:38:00.136,2026-03-08 17:36:23.328
2b03671f-7262-40d8-bcf7-07a4edbf4368,Kaşar Peyniri,sut-urunleri-kasar-peyniri,c9297de2-9212-44e2-a2ee-825cc407aaa3,2026-03-08 14:37:21.029,2026-03-08 17:35:37.224
2c2681b6-e1af-47e7-bf61-9f217a4c24d1,İç Fındık,atistirmalik-kuruyemis-ic-findik,03ccd541-f911-4b22-a3c0-cc08f8eb16d4,2026-03-08 14:38:05.346,2026-03-08 17:36:29.231
2cf6f4c9-d16e-4606-9878-d95257709e3c,Ceviz,atistirmalik-kuruyemis-ceviz,03ccd541-f911-4b22-a3c0-cc08f8eb16d4,2026-03-08 14:38:01.553,2026-03-08 17:36:24.929
2fd8fb54-4266-440d-ac11-8f6cc343f835,Pirinç,temel-gida-pirinc,608a147e-1b22-4b90-a8c5-295841b4bbde,2026-03-08 14:37:26.811,2026-03-08 17:35:44.087
3132eb54-49ea-4677-ba5f-1a653e886445,Kuzu Kuşbaşı,et-tavuk-balik-kirimizi-et-kuzu-kusbasi,1097933a-9a1c-455d-98f3-77760b4590d8,2026-03-08 14:38:56.93,2026-03-08 17:37:27.405
313cd983-b8de-405a-91d7-1293f7161356,Konserve,temel-gida-konserve,608a147e-1b22-4b90-a8c5-295841b4bbde,2026-03-08 14:37:38.154,2026-03-08 17:35:58.401
31b77012-e6b9-442e-8276-5bac09d6c5fa,Beyaz Peynir,sut-urunleri-beyaz-peynir,c9297de2-9212-44e2-a2ee-825cc407aaa3,2026-03-08 14:37:19.136,2026-03-08 17:35:34.379
31ea28a8-a370-43c6-9c30-76616892ae91,Diğer,diger,,2026-03-08 14:36:46.637,2026-03-08 17:34:57.104
33158b9c-abd4-410d-a720-6ec53a002199,Ağda & Epilasyon,kisisel-bakim-kozmetik-agda-epilasyon,6a5a4424-d133-47a3-8ff0-71380516b405,2026-03-08 14:37:05.783,2026-03-08 17:35:18.812
335b8c1c-119a-466d-8855-24a5c83f8425,Köy Ekmeği,firin-pastane-ekmek-koy-ekmegi,b44c7330-32c1-461f-a1c9-7bb81ad88d6d,2026-03-08 14:38:24.407,2026-03-08 17:36:50.676
35200038-878a-4f7f-8528-d7e9a77eb3f6,Dondurulmuş Tatlı,hazir-yemek-dondurulmus-dondurulmus-tatli,dd0fa04e-6378-4792-9424-0c59497aec3d,2026-03-08 14:37:01.064,2026-03-08 17:35:13.483
3905fa21-4ca4-4400-8990-675fac274c4a,Tost Ekmeği,firin-pastane-ekmek-tost-ekmegi,b44c7330-32c1-461f-a1c9-7bb81ad88d6d,2026-03-08 14:38:23.932,2026-03-08 17:36:50.146
3936a042-b199-464d-a86f-966f2bb95a6f,Hijyenik Ped & Tampon,kisisel-bakim-kozmetik-hijyenik-ped-tampon,6a5a4424-d133-47a3-8ff0-71380516b405,2026-03-08 14:37:08.628,2026-03-08 17:35:22.115
3aa2b8aa-35ab-4daf-b8a5-76e12e8d2631,Pil,elektronik-pil,b0435fff-e1cb-48a1-80f2-4191a55a6132,2026-03-08 14:36:52.449,2026-03-08 17:35:03.608
3b5256a9-1548-4812-a6d3-4ff437319606,Soda & Maden Suyu,icecek-soda-maden-suyu,fd48a757-945e-41c6-9f79-9bc6556aa5bc,2026-03-08 14:37:16.296,2026-03-08 17:35:30.627
3cad7077-bfef-48db-b3e6-995303de049a,Yufka,firin-pastane-yufka,3caf080d-db65-4edb-a59d-dc0c425184f4,2026-03-08 14:36:58.708,2026-03-08 17:35:10.712
3caf080d-db65-4edb-a59d-dc0c425184f4,Fırın & Pastane,firin-pastane,,2026-03-08 14:36:42.331,2026-03-08 17:34:52.169
3d4162ad-6812-4788-b70d-2902cab4a856,Baharat,temel-gida-baharat,608a147e-1b22-4b90-a8c5-295841b4bbde,2026-03-08 14:37:41.557,2026-03-08 17:36:02.132
3e72f6b3-39ba-483c-aeb9-c242109c19dd,Kap Dondurma,atistirmalik-kap-dondurma,060bf425-1dd0-4076-bb50-d8e41146e743,2026-03-08 14:36:50.076,2026-03-08 17:35:00.944
3ef23c72-6585-4451-a8db-045a3558bbc5,Hazır Yemekler,hazir-yemek-dondurulmus-hazir-yemekler,dd0fa04e-6378-4792-9424-0c59497aec3d,2026-03-08 14:37:02.953,2026-03-08 17:35:15.613
4024e6fa-43fa-491a-8038-292f4895933e,Bitki Çayları,icecek-bitki-caylari,fd48a757-945e-41c6-9f79-9bc6556aa5bc,2026-03-08 14:37:13.451,2026-03-08 17:35:27.429
4065784c-01c9-41d6-b562-6c62db572089,"Et, Tavuk & Balık",et-tavuk-balik,,2026-03-08 14:36:40.79,2026-03-08 17:34:50.564
42b05ff7-b545-453e-9083-1ea74b8c37fb,Yoğun Kıvam,temizlik-camasir-suyu-yogun-kivam,e8bec22d-801e-48d0-9e9c-8bf8c86f33be,2026-03-08 14:38:50.663,2026-03-08 17:37:20.289
45998120-ab07-4ac8-ab25-d520f0c62d38,Ev & Yaşam,ev-yasam,,2026-03-08 14:36:41.809,2026-03-08 17:34:51.633
45a58955-a46a-4560-a73d-afd4faa0ceac,Tavuk Bonfile,et-tavuk-balik-tavuk-tavuk-bonfile,7c9df1e9-4642-4e15-ac7f-8de56de378a7,2026-03-08 14:38:06.766,2026-03-08 17:36:30.827
45b97b70-3efd-4da8-b261-ee87ee36c1d2,Zeytinyağı,temel-gida-sivi-yaglar-zeytinyagi,e93488bb-19cf-4fd5-ae25-9a614cf97e51,2026-03-08 14:38:44.026,2026-03-08 17:37:12.757
47cc9715-9ff0-4e5a-8758-4a88b0010740,Keten Tohumu,temel-gida-keten-tohumu,608a147e-1b22-4b90-a8c5-295841b4bbde,2026-03-08 14:37:30.585,2026-03-08 17:35:49.019
47d0f07b-8306-41e4-a625-c18c94063c20,Konsantre,temizlik-yumusatici-konsantre,933b051c-3ff6-44f7-90fc-0a93565e444e,2026-03-08 14:38:49.716,2026-03-08 17:37:19.225
47d352b4-d8a8-4dec-8bc0-2600a51c3526,Atıştırmalık Genel,atistirmalik-atistirmalik-genel,060bf425-1dd0-4076-bb50-d8e41146e743,2026-03-08 14:36:48.656,2026-03-08 17:34:59.352
48d6eae9-da28-433d-9c99-2a68a33fc118,Tavuk İncik,et-tavuk-balik-tavuk-tavuk-incik,7c9df1e9-4642-4e15-ac7f-8de56de378a7,2026-03-08 14:38:10.558,2026-03-08 17:36:35.095
49420fa3-aeed-4ba5-a620-ce83c51e8244,Kanola Yağı,temel-gida-sivi-yaglar-kanola-yagi,e93488bb-19cf-4fd5-ae25-9a614cf97e51,2026-03-08 14:38:44.501,2026-03-08 17:37:13.29
4981a741-42f2-4bc5-b521-bf7feb9f7895,Limon,meyve-sebze-meyve-limon,cfc6e283-fd9d-4f84-b649-b0cd0a4bf10c,2026-03-08 14:38:28.76,2026-03-08 17:36:55.581
4a518591-b5e1-4fee-9a93-1c779bf4f947,Tereyağı,sut-urunleri-tereyagi,c9297de2-9212-44e2-a2ee-825cc407aaa3,2026-03-08 14:37:24.337,2026-03-08 17:35:41.292
4a6b7a81-ed3e-4449-9db2-2a9003cc6b54,Diğer,temel-gida-un-diger,28f5c3aa-3ebb-4352-ba97-5a9a6e2ebaeb,2026-03-08 14:39:10.718,2026-03-08 17:37:44.693
4a80724f-c83e-43d1-ba10-3eee3f214964,Ananas,meyve-sebze-meyve-ananas,cfc6e283-fd9d-4f84-b649-b0cd0a4bf10c,2026-03-08 14:39:00.772,2026-03-08 17:37:31.873
4b4b72f5-6392-49ac-849b-2d405043140e,Patates,meyve-sebze-sebze-patates,89769bae-df7e-49b8-ab45-38811e738e42,2026-03-08 14:38:33.035,2026-03-08 17:37:00.385
4ba7b50e-39b0-446d-b9e7-4935c86510f3,Pırasa,meyve-sebze-sebze-pirasa,89769bae-df7e-49b8-ab45-38811e738e42,2026-03-08 14:38:34.928,2026-03-08 17:37:02.537
4c549835-ebf0-444e-88a5-58949600d4d9,Haşere İlaçları,temizlik-hasere-ilaclari,86d91619-3cdd-47d7-ad24-c537dc35d8fb,2026-03-08 14:37:47.229,2026-03-08 17:36:08.728
4c63f593-0fad-449a-b817-7438833c7ebe,Dana Jambon,et-tavuk-balik-jambon-dana-jambon,5db676ec-c281-4ef5-bb6b-2b89af23d349,2026-03-08 14:38:18.725,2026-03-08 17:36:44.246
4c84e590-9581-453f-81f9-05f60f1736e9,Maş Fasulyesi,temel-gida-mas-fasulyesi,608a147e-1b22-4b90-a8c5-295841b4bbde,2026-03-08 14:37:32.944,2026-03-08 17:35:52.002
4c92495c-450b-4c4a-a5d6-ad755c4184b9,Tuz,temel-gida-tuz,608a147e-1b22-4b90-a8c5-295841b4bbde,2026-03-08 14:37:41.082,2026-03-08 17:36:01.601
4d1d393c-ce98-4180-aa17-0e98dce4fd81,Açma & Poğaça & Börek,firin-pastane-acma-pogaca-borek,3caf080d-db65-4edb-a59d-dc0c425184f4,2026-03-08 14:37:52.444,2026-03-08 17:36:14.652
4e99dbdd-2f45-4ce3-9be8-88e933461535,Hazır Börek,firin-pastane-acma-pogaca-borek-hazir-borek,4d1d393c-ce98-4180-aa17-0e98dce4fd81,2026-03-08 14:38:59.354,2026-03-08 17:37:30.162
4ea92fbc-5d55-491f-a7f9-553cdc082029,Hindi But,et-tavuk-balik-hindi-hindi-but,b9c7d035-15ca-477e-80d5-94ddae6bad49,2026-03-08 14:38:12.078,2026-03-08 17:36:36.793
4fa7f108-389e-4501-a6fb-a830c3c40497,Kumkuat,kumkuat,cfc6e283-fd9d-4f84-b649-b0cd0a4bf10c,2026-03-11 20:02:05.344,2026-03-11 20:02:05.344
50226b8a-6a40-4a50-bfb8-05ddd880f5de,Diğer,temizlik-diger,86d91619-3cdd-47d7-ad24-c537dc35d8fb,2026-03-08 14:37:46.283,2026-03-08 17:36:07.652
52069e32-35f7-4c6f-838c-f6ea1fe0230d,Mantar,meyve-sebze-sebze-mantar,89769bae-df7e-49b8-ab45-38811e738e42,2026-03-08 14:38:33.507,2026-03-08 17:37:00.939
523ee8c1-2945-4337-a666-c415d1837d58,Süt,sut-urunleri-sut,c9297de2-9212-44e2-a2ee-825cc407aaa3,2026-03-08 14:37:23.395,2026-03-08 17:35:40.232
52fd2567-8d47-4394-b9af-e8f3462620a0,Atıştırmalık Genel,atistirmalik-kuruyemis-atistirmalik-genel,03ccd541-f911-4b22-a3c0-cc08f8eb16d4,2026-03-08 14:38:53.032,2026-03-08 17:37:23.049
540f033c-ca79-4ba5-8a35-76db23c13f43,Simit,firin-pastane-simit,3caf080d-db65-4edb-a59d-dc0c425184f4,2026-03-08 14:37:51.496,2026-03-08 17:36:13.57
549950f1-ca57-45dc-9b22-879378a04423,Muz,meyve-sebze-meyve-muz,cfc6e283-fd9d-4f84-b649-b0cd0a4bf10c,2026-03-08 14:38:30.663,2026-03-08 17:36:57.705
56fa3ce8-52c8-49d0-94b5-a411bd9afd5f,Tahıllı Ekmek,firin-pastane-ekmek-tahilli-ekmek,b44c7330-32c1-461f-a1c9-7bb81ad88d6d,2026-03-08 14:38:26.401,2026-03-08 17:36:52.928
579f6b5d-b448-4647-a28a-7e0c56a06635,Tam Buğday Ekmeği,firin-pastane-ekmek-tam-bugday-ekmegi,b44c7330-32c1-461f-a1c9-7bb81ad88d6d,2026-03-08 14:38:22.038,2026-03-08 17:36:48.023
58b41ca4-73ce-489d-bb45-f11337869d17,Pasta Malzemesi,firin-pastane-pasta-malzemesi,3caf080d-db65-4edb-a59d-dc0c425184f4,2026-03-08 14:36:59.648,2026-03-08 17:35:11.852
58b7bdae-49df-401e-96bb-232fc08e0d43,Piliç Jambon,et-tavuk-balik-jambon-pilic-jambon,5db676ec-c281-4ef5-bb6b-2b89af23d349,2026-03-08 14:38:20.62,2026-03-08 17:36:46.427
59851265-0e50-43f0-853a-1a0eb94bb68c,Tavuk Ciğeri,et-tavuk-balik-tavuk-tavuk-cigeri,7c9df1e9-4642-4e15-ac7f-8de56de378a7,2026-03-08 14:38:07.24,2026-03-08 17:36:31.364
59a9782f-1e2c-46b7-af88-64078dde3101,Sarımsak,meyve-sebze-sebze-sarimsak,89769bae-df7e-49b8-ab45-38811e738e42,2026-03-08 14:38:35.877,2026-03-08 17:37:03.596
5b77355a-0ad9-4cc8-9aa5-d9012d4b3c9b,Mayonez,temel-gida-mayonez,608a147e-1b22-4b90-a8c5-295841b4bbde,2026-03-08 14:37:36.271,2026-03-08 17:35:56.19
5cee5651-552e-43a9-a373-5d3d915f4eff,Televizyon,elektronik-televizyon,b0435fff-e1cb-48a1-80f2-4191a55a6132,2026-03-08 14:36:52.922,2026-03-08 17:35:04.277
5d1c3a46-ba47-4eb7-a85f-eb7d220b4308,Bebe Bisküvisi,anne-bebek-bebek-bebe-biskuvisi,d9c8898f-8b1b-47fe-9831-5e85fce8f3e0,2026-03-08 14:37:57.772,2026-03-08 17:36:20.661
5db676ec-c281-4ef5-bb6b-2b89af23d349,Jambon,et-tavuk-balik-jambon,4065784c-01c9-41d6-b562-6c62db572089,2026-03-08 14:36:57.762,2026-03-08 17:35:09.642
5dd0e5f4-a249-4cfb-ad80-ac811807706c,Hindistan Cevizi,meyve-sebze-meyve-hindistan-cevizi,cfc6e283-fd9d-4f84-b649-b0cd0a4bf10c,2026-03-08 14:39:02.67,2026-03-08 17:37:34.024
5e40104f-bd8d-46fc-8779-09a05d0a5525,Diğer,meyve-sebze-sebze-diger,89769bae-df7e-49b8-ab45-38811e738e42,2026-03-08 14:39:07.878,2026-03-08 17:37:41.263
5e534943-fac0-47e5-aa47-396b57022bc3,Yumurta,kahvaltilik-yumurta,a5ff0222-bb3d-426a-b926-d82edd08488d,2026-03-08 14:37:25.861,2026-03-08 17:35:42.999
5eebe9a7-e849-40c4-9c85-dfcbcfe5b701,Bütün Hindi,et-tavuk-balik-hindi-butun-hindi,b9c7d035-15ca-477e-80d5-94ddae6bad49,2026-03-08 14:38:09.133,2026-03-08 17:36:33.49
5fb713c3-0df2-4b18-8862-8839d946e537,Margarin,sut-urunleri-margarin,c9297de2-9212-44e2-a2ee-825cc407aaa3,2026-03-08 14:37:23.866,2026-03-08 17:35:40.762
60666634-0014-4a26-878c-dbb11dfb5c5d,Domates Püresi,temel-gida-salca-domates-puresi,9d6835c0-3f96-4c96-91e3-d224756a0309,2026-03-08 14:38:42.128,2026-03-08 17:37:10.634
608a147e-1b22-4b90-a8c5-295841b4bbde,Temel Gıda,temel-gida,,2026-03-08 14:36:39.841,2026-03-08 17:34:49.493
6146c4da-d3fd-49df-8296-afe2fab1c30b,Şampuan & Saç Bakım,kisisel-bakim-kozmetik-sampuan-sac-bakim,6a5a4424-d133-47a3-8ff0-71380516b405,2026-03-08 14:37:10.139,2026-03-08 17:35:23.707
6211dca8-df0a-4716-a681-fa16b4e3d195,Kolonya,kisisel-bakim-kozmetik-kolonya,6a5a4424-d133-47a3-8ff0-71380516b405,2026-03-08 14:37:09.099,2026-03-08 17:35:22.645
639ee289-d894-4f29-90d4-be74ecd724a0,Diğer,temel-gida-diger,608a147e-1b22-4b90-a8c5-295841b4bbde,2026-03-08 14:37:54.342,2026-03-08 17:36:16.783
63d3f934-0b79-42a2-bc03-cb069f2a87c4,Tahin,kahvaltilik-tahin,a5ff0222-bb3d-426a-b926-d82edd08488d,2026-03-08 14:37:20.082,2026-03-08 17:35:35.83
63ed7fef-c466-46a0-8070-1be1a1f0af66,Mantı,temel-gida-manti,608a147e-1b22-4b90-a8c5-295841b4bbde,2026-03-08 14:37:33.42,2026-03-08 17:35:52.533
65096bc6-4eb5-4b18-837c-7e911faf3a19,Üzüm,meyve-sebze-meyve-uzum,cfc6e283-fd9d-4f84-b649-b0cd0a4bf10c,2026-03-08 14:39:07.403,2026-03-08 17:37:40.724
682e9c3a-6771-4c30-88cd-f722487c97fd,Bütün Tavuk,et-tavuk-balik-tavuk-butun-tavuk,7c9df1e9-4642-4e15-ac7f-8de56de378a7,2026-03-08 14:38:08.66,2026-03-08 17:36:32.959
6938502a-5799-4317-92eb-d5099a5f784d,Kırık Pirinç,temel-gida-pirinc-kirik-pirinc,2fd8fb54-4266-440d-ac11-8f6cc343f835,2026-03-08 14:38:39.188,2026-03-08 17:37:07.442
6a5a4424-d133-47a3-8ff0-71380516b405,Kişisel Bakım & Kozmetik,kisisel-bakim-kozmetik,,2026-03-08 14:36:43.759,2026-03-08 17:34:53.792
6c3bcb08-7a42-4459-ba29-031ec9756d73,Diğer,firin-pastane-ekmek-diger,b44c7330-32c1-461f-a1c9-7bb81ad88d6d,2026-03-08 14:38:57.93,2026-03-08 17:37:28.566
6cb7d904-f905-4a8a-800b-32e4598dafd6,Hardal,temel-gida-hardal,608a147e-1b22-4b90-a8c5-295841b4bbde,2026-03-08 14:37:37.683,2026-03-08 17:35:57.835
6d7b68b1-9464-44ee-8f70-daf50c988ad2,Avokado,meyve-sebze-meyve-avokado,cfc6e283-fd9d-4f84-b649-b0cd0a4bf10c,2026-03-08 14:38:27.345,2026-03-08 17:36:53.988
6ea7defa-940b-400c-be2d-edabffd5081e,Buğday Unu,temel-gida-un-bugday-unu,28f5c3aa-3ebb-4352-ba97-5a9a6e2ebaeb,2026-03-08 14:38:45.45,2026-03-08 17:37:14.351
6ebe9951-705a-4296-8084-bb1591cf410c,Kağıt Havlu,kagit-urunleri-kagit-havlu,e98e5b26-bcd6-4c10-8896-265d8020b906,2026-03-08 14:37:04.368,2026-03-08 17:35:17.207
6fe3928f-6f43-43b4-b614-efcf435e4157,Elma,meyve-sebze-meyve-elma,cfc6e283-fd9d-4f84-b649-b0cd0a4bf10c,2026-03-08 14:38:26.873,2026-03-08 17:36:53.46
71a3059c-3204-4c9a-8cad-60ef62d11ea1,Barbunya,temel-gida-barbunya,608a147e-1b22-4b90-a8c5-295841b4bbde,2026-03-08 14:37:31.056,2026-03-08 17:35:49.636
72c0b35f-e48a-4568-ba8d-b0980e17cb1f,Bebek Bakım,anne-bebek-bebek-bebek-bakim,d9c8898f-8b1b-47fe-9831-5e85fce8f3e0,2026-03-08 14:37:56.829,2026-03-08 17:36:19.494
73c64992-a4eb-46b5-b170-8db4acb2ac02,Köpek Maması,evcil-hayvan-kopek-mamasi,0da787f5-e2b3-463b-83fc-8c302dfc49d4,2026-03-08 14:37:50.072,2026-03-08 17:36:11.979
742b1d58-84eb-490f-bb65-a05245526015,Ayçiçek Yağı,temel-gida-sivi-yaglar-aycicek-yagi,e93488bb-19cf-4fd5-ae25-9a614cf97e51,2026-03-08 14:38:43.548,2026-03-08 17:37:12.226
74f8855e-6c10-4b02-b114-58d997e377c0,Toz Deterjan,temizlik-toz-deterjan-toz-deterjan,c7d0fb86-4f77-43e0-8ec6-acf935a414a6,2026-03-08 14:38:52.558,2026-03-08 17:37:22.412
75a9d32e-859d-4812-b8b8-3edd8c6dbdc1,Pilavlık Bulgur,temel-gida-bulgur-pilavlik-bulgur,bd00cd29-40ae-4bb3-a8e4-6fdd4293ae87,2026-03-08 14:38:37.774,2026-03-08 17:37:05.726
7626b0d2-4958-403a-890f-df2c34549ebd,Yöresel Peynirler,sut-urunleri-yoresel-peynirler,c9297de2-9212-44e2-a2ee-825cc407aaa3,2026-03-08 14:37:25.389,2026-03-08 17:35:42.429
764484eb-aefe-47ab-b14c-574b61a3b09e,Diğer,temel-gida-konserve-diger,313cd983-b8de-405a-91d7-1293f7161356,2026-03-08 14:38:41.087,2026-03-08 17:37:09.572
774a41aa-693a-4a0d-b424-54ddff2a81ae,Ahududu,ahududu,cfc6e283-fd9d-4f84-b649-b0cd0a4bf10c,2026-03-08 21:44:25.444,2026-03-08 21:44:25.444
776495a7-405e-41b4-acee-13218296d88f,Islak havlu,anne-bebek-bebek-islak-havlu,d9c8898f-8b1b-47fe-9831-5e85fce8f3e0,2026-03-08 14:37:58.717,2026-03-08 17:36:21.73
77f4a0ca-8ad8-483b-9e4e-6d868b98aa23,Tavuk Atıştırmalık,et-tavuk-balik-tavuk-tavuk-atistirmalik,7c9df1e9-4642-4e15-ac7f-8de56de378a7,2026-03-08 14:38:06.294,2026-03-08 17:36:30.295
784a7ab1-e772-47db-8ffe-07918de067f0,Sosis,et-tavuk-balik-sosis,4065784c-01c9-41d6-b562-6c62db572089,2026-03-08 14:36:55.848,2026-03-08 17:35:07.517
78dafdc6-1b90-4f17-9d58-157ef523d74f,Dana Salam,et-tavuk-balik-salam-dana-salam,15c5eb41-ac6d-4d9d-8f23-75df3354d3a6,2026-03-08 14:38:17.288,2026-03-08 17:36:42.651
7990545b-035c-45c0-879f-8aeead1bbd2e,Badem,atistirmalik-kuruyemis-badem,03ccd541-f911-4b22-a3c0-cc08f8eb16d4,2026-03-08 14:38:03.439,2026-03-08 17:36:27.108
7a48ff35-ccfb-45d8-bf5d-dd7c49896f2f,Anne & Bebek,anne-bebek,,2026-03-08 14:36:38.89,2026-03-08 17:34:48.416
7c9df1e9-4642-4e15-ac7f-8de56de378a7,Tavuk,et-tavuk-balik-tavuk,4065784c-01c9-41d6-b562-6c62db572089,2026-03-08 14:36:53.396,2026-03-08 17:35:04.808
7d133488-f21c-4d32-b71f-073b80fc0e34,Piliç Salam,et-tavuk-balik-salam-pilic-salam,15c5eb41-ac6d-4d9d-8f23-75df3354d3a6,2026-03-08 14:38:16.34,2026-03-08 17:36:41.58
7d8a9356-4ea5-48f9-92b7-88dc9ef035a6,Yeşillik,meyve-sebze-yesillik,25f5a722-e0dc-40cf-bedb-92955548a5a2,2026-03-08 14:37:12.032,2026-03-08 17:35:25.832
8144e4ed-154e-4db2-9cd7-0b1036f544d5,Ayçekirdeği,atistirmalik-kuruyemis-aycekirdegi,03ccd541-f911-4b22-a3c0-cc08f8eb16d4,2026-03-08 14:37:59.665,2026-03-08 17:36:22.797
81a44723-71e0-4be2-b962-19fefdc30819,Kabak,meyve-sebze-sebze-kabak,89769bae-df7e-49b8-ab45-38811e738e42,2026-03-08 14:38:32.089,2026-03-08 17:36:59.3
830c7080-4840-4bf5-a2df-c0cdde61a43e,Sürülebilir Ürünler,kahvaltilik-surulebilir-urunler,a5ff0222-bb3d-426a-b926-d82edd08488d,2026-03-08 14:37:22.92,2026-03-08 17:35:39.701
84448b96-e278-44db-b3df-60ba7fcd3882,Unlu Mamüller,firin-pastane-unlu-mamuller,3caf080d-db65-4edb-a59d-dc0c425184f4,2026-03-08 14:37:00.12,2026-03-08 17:35:12.403
84c9fa4b-090d-4266-8255-f0cfe6655b36,Demirhindiba,meyve-sebze-meyve-demirhindiba,cfc6e283-fd9d-4f84-b649-b0cd0a4bf10c,2026-03-08 14:39:01.72,2026-03-08 17:37:32.959
85ba1692-acfb-484b-960d-a18f6fddfb83,Galeta,firin-pastane-galeta,3caf080d-db65-4edb-a59d-dc0c425184f4,2026-03-08 14:36:59.179,2026-03-08 17:35:11.244
86d91619-3cdd-47d7-ad24-c537dc35d8fb,Temizlik,temizlik,,2026-03-08 14:36:46.152,2026-03-08 17:34:56.562
872c8171-3a5d-4308-915c-12caa21324f6,Makarna,temel-gida-makarna,608a147e-1b22-4b90-a8c5-295841b4bbde,2026-03-08 14:37:34.382,2026-03-08 17:35:53.599
87bc3176-20fe-4be4-9aa8-59560888ce38,Soğan,meyve-sebze-sebze-sogan,89769bae-df7e-49b8-ab45-38811e738e42,2026-03-08 14:38:36.35,2026-03-08 17:37:04.136
8831682d-dbbd-4599-ac6b-c5c14ca62856,Çay,icecek-cay,fd48a757-945e-41c6-9f79-9bc6556aa5bc,2026-03-08 14:37:13.926,2026-03-08 17:35:27.959
89769bae-df7e-49b8-ab45-38811e738e42,Sebze,meyve-sebze-sebze,25f5a722-e0dc-40cf-bedb-92955548a5a2,2026-03-08 14:37:11.559,2026-03-08 17:35:25.3
89bcd6aa-6871-4b4c-9254-8891fad4e0e3,Elde Bulaşık,temizlik-bulasik-deterjani-elde-bulasik,d503bf40-7e63-46be-8e1e-00e490f1226d,2026-03-08 14:38:46.875,2026-03-08 17:37:16.001
8c14da56-2210-42ba-874f-8aa71acc1d9c,Islak Mendil,kagit-urunleri-islak-mendil,e98e5b26-bcd6-4c10-8896-265d8020b906,2026-03-08 14:37:03.897,2026-03-08 17:35:16.675
8d5c3d3d-546b-4683-8973-6a81510ca62f,Dana Kuşbaşı,et-tavuk-balik-kirimizi-et-dana-kusbasi,1097933a-9a1c-455d-98f3-77760b4590d8,2026-03-08 14:38:14.443,2026-03-08 17:36:39.45
8ea02e7b-7981-4c4e-9c59-7a4e1e914576,Böreklik Yufka,firin-pastane-yufka-boreklik-yufka,3cad7077-bfef-48db-b3e6-995303de049a,2026-03-08 14:38:25.832,2026-03-08 17:36:52.374
8f997c87-f08e-4a2f-8e80-a685c2562e69,Banyo & Duş,kisisel-bakim-kozmetik-banyo-dus,6a5a4424-d133-47a3-8ff0-71380516b405,2026-03-08 14:37:07.199,2026-03-08 17:35:20.518
9098fb51-145a-4a5d-ac60-a74abc8db7bf,Yüzey Temizlik Havlusu,temizlik-yuzey-temizlik-havlusu,86d91619-3cdd-47d7-ad24-c537dc35d8fb,2026-03-08 14:37:46.756,2026-03-08 17:36:08.196
933b051c-3ff6-44f7-90fc-0a93565e444e,Yumuşatıcı,temizlik-yumusatici,86d91619-3cdd-47d7-ad24-c537dc35d8fb,2026-03-08 14:37:43.445,2026-03-08 17:36:04.259
938c63d1-456a-4076-a333-a8f14c49c1ee,Gazsız İçecekler,icecek-gazsiz-icecekler,fd48a757-945e-41c6-9f79-9bc6556aa5bc,2026-03-08 14:37:15.346,2026-03-08 17:35:29.561
93c778cc-61ed-4fe1-82b2-2c8765a27743,Biber,meyve-sebze-sebze-biber,89769bae-df7e-49b8-ab45-38811e738e42,2026-03-08 14:38:31.137,2026-03-08 17:36:58.235
93fe8357-dd0e-4e8f-998e-3d3e54b69306,Gazlı İçecekler,icecek-gazli-icecekler,fd48a757-945e-41c6-9f79-9bc6556aa5bc,2026-03-08 14:37:14.873,2026-03-08 17:35:29.022
940fe543-1785-4781-9397-764bb530c82d,Leke Çıkarıcı,temizlik-deterjan-leke-cikarici,fc9ecf36-0e92-4be8-9f68-1ec37f428821,2026-03-08 14:38:52.085,2026-03-08 17:37:21.88
9470c9b9-90dd-49fc-817a-3552d5bc768f,Toz Deterjan,temizlik-deterjan-toz-deterjan,fc9ecf36-0e92-4be8-9f68-1ec37f428821,2026-03-08 14:38:47.821,2026-03-08 17:37:17.072
948f288b-7f7b-46b3-95d6-afa519bbb9b0,Yaban Mersini,meyve-sebze-meyve-yaban-mersini,cfc6e283-fd9d-4f84-b649-b0cd0a4bf10c,2026-03-08 14:38:30.188,2026-03-08 17:36:57.175
960b5aaf-d2d5-4225-a5eb-fd2742df8320,Patlıcan,meyve-sebze-sebze-patlican,89769bae-df7e-49b8-ab45-38811e738e42,2026-03-08 14:38:34.455,2026-03-08 17:37:02.007
972cfd14-e9af-4fba-9e52-2835fe05c092,Kavurma,et-tavuk-balik-kavurma,4065784c-01c9-41d6-b562-6c62db572089,2026-03-08 14:36:56.806,2026-03-08 17:35:08.581
9894bc5b-5131-4377-9c00-d1e76a6d9a52,Pekmez,kahvaltilik-pekmez,a5ff0222-bb3d-426a-b926-d82edd08488d,2026-03-08 14:37:18.194,2026-03-08 17:35:33.108
9908d776-52e3-4338-844e-4eded923d244,Piliç Sosis,et-tavuk-balik-sosis-pilic-sosis,784a7ab1-e772-47db-8ffe-07918de067f0,2026-03-08 14:38:15.869,2026-03-08 17:36:41.045
99ff4c6f-fbdd-407b-8558-98f8feb4d193,Yumurta,temel-gida-yumurta,608a147e-1b22-4b90-a8c5-295841b4bbde,2026-03-08 14:37:55.284,2026-03-08 17:36:17.843
9b9eaad0-b932-4ca2-94c1-ab8af749466a,Oda Kokuları,temizlik-oda-kokulari,86d91619-3cdd-47d7-ad24-c537dc35d8fb,2026-03-08 14:37:47.702,2026-03-08 17:36:09.259
9d6835c0-3f96-4c96-91e3-d224756a0309,Salça,temel-gida-salca,608a147e-1b22-4b90-a8c5-295841b4bbde,2026-03-08 14:37:39.097,2026-03-08 17:35:59.474
9e8afa9c-a940-48c6-bd2d-7ba56024026f,Diğer,temizlik-yumusatici-diger,933b051c-3ff6-44f7-90fc-0a93565e444e,2026-03-08 14:38:48.295,2026-03-08 17:37:17.604
9ec6fa43-efa4-43d3-aed7-875a19cba7d2,Çiçek,cicek,,2026-03-08 14:36:41.279,2026-03-08 17:34:51.098
a091c66b-771f-4c68-ad26-968b8e4e60d2,Redberry,redberry,cfc6e283-fd9d-4f84-b649-b0cd0a4bf10c,2026-03-08 21:42:08.478,2026-03-08 21:42:08.478
a0bfa62a-5e42-4d2e-a72e-0c4ce14d3387,Poğaça,firin-pastane-acma-pogaca-borek-pogaca,4d1d393c-ce98-4180-aa17-0e98dce4fd81,2026-03-08 14:39:00.3,2026-03-08 17:37:31.281
a0ee70c2-007b-488c-910a-3788b5ca86a8,Ayva,meyve-sebze-meyve-ayva,cfc6e283-fd9d-4f84-b649-b0cd0a4bf10c,2026-03-08 14:39:05.986,2026-03-08 17:37:39.089
a18f30e9-8c88-4ded-be68-eac67c42f7b5,Pratik Tatlılar,hazir-yemek-dondurulmus-pratik-tatlilar,dd0fa04e-6378-4792-9424-0c59497aec3d,2026-03-08 14:37:02.01,2026-03-08 17:35:14.543
a200080c-fc85-4e61-876d-3ef4b752783d,Kozmetik,kisisel-bakim-kozmetik-kozmetik,6a5a4424-d133-47a3-8ff0-71380516b405,2026-03-08 14:37:06.724,2026-03-08 17:35:19.987
a2ddeb71-6edd-4a83-92d7-e7d82616a944,Diğer,et-tavuk-balik-balik-diger,143ebf3b-76b1-494b-a3b0-696f0ffb93b9,2026-03-08 14:38:12.55,2026-03-08 17:36:37.324
a360de21-b2a5-4eee-9c1e-7008de582094,Reçel,kahvaltilik-recel,a5ff0222-bb3d-426a-b926-d82edd08488d,2026-03-08 14:37:17.723,2026-03-08 17:35:32.411
a393554a-042c-48fd-8bd1-a662cecb11b8,Cips Fıstık,atistirmalik-kuruyemis-cips-fistik,03ccd541-f911-4b22-a3c0-cc08f8eb16d4,2026-03-08 14:38:02.968,2026-03-08 17:36:26.575
a396936c-ccf9-4b49-a754-1d34815e0357,Erişte,temel-gida-eriste,608a147e-1b22-4b90-a8c5-295841b4bbde,2026-03-08 14:37:33.904,2026-03-08 17:35:53.065
a3fe6b72-0cb3-41b6-9bc3-cf4947b8b169,Karışık Kuruyemiş,atistirmalik-kuruyemis-karisik-kuruyemis,03ccd541-f911-4b22-a3c0-cc08f8eb16d4,2026-03-08 14:38:01.079,2026-03-08 17:36:24.395
a459c04c-0663-48df-ad8f-304fcfb3fc8b,Çamaşır Sodası,temizlik-deterjan-camasir-sodasi,fc9ecf36-0e92-4be8-9f68-1ec37f428821,2026-03-08 14:38:51.612,2026-03-08 17:37:21.351
a5ff0222-bb3d-426a-b926-d82edd08488d,Kahvaltılık,kahvaltilik,,2026-03-08 14:36:45.67,2026-03-08 17:34:56.024
a6071049-e57c-4d93-918e-dda7b56db2d5,Yüzey Temizleyici,temizlik-yuzey-temizleyici,86d91619-3cdd-47d7-ad24-c537dc35d8fb,2026-03-08 14:37:45.81,2026-03-08 17:36:07.097
a60d288b-6642-4513-bc37-1c43cf7ac73f,Domates Salçası,temel-gida-salca-domates-salcasi,9d6835c0-3f96-4c96-91e3-d224756a0309,2026-03-08 14:38:42.601,2026-03-08 17:37:11.163
a69821de-a70f-468d-815e-9c4618a41cd0,Armut,meyve-sebze-meyve-armut,cfc6e283-fd9d-4f84-b649-b0cd0a4bf10c,2026-03-08 14:38:27.816,2026-03-08 17:36:54.518
a84218b4-eac9-407e-9410-3e19de43edcf,Erkek Bakım,kisisel-bakim-kozmetik-erkek-bakim,6a5a4424-d133-47a3-8ff0-71380516b405,2026-03-08 14:37:07.677,2026-03-08 17:35:21.049
a8b3feef-b010-4a6a-8b6b-0c0bf5b8feca,Nohut,temel-gida-nohut,608a147e-1b22-4b90-a8c5-295841b4bbde,2026-03-08 14:37:27.758,2026-03-08 17:35:45.159
a9b897f1-2406-4eb8-8558-88d9d88588eb,Buğday,temel-gida-bugday,608a147e-1b22-4b90-a8c5-295841b4bbde,2026-03-08 14:37:30.114,2026-03-08 17:35:48.347
aaecabaa-4392-470b-b938-3a90578e3ece,Marmelat,kahvaltilik-marmelat,a5ff0222-bb3d-426a-b926-d82edd08488d,2026-03-08 14:37:18.665,2026-03-08 17:35:33.754
ac332936-42ee-4d46-8748-f589e8eb9539,Hindi Sosis,et-tavuk-balik-sosis-hindi-sosis,784a7ab1-e772-47db-8ffe-07918de067f0,2026-03-08 14:38:19.673,2026-03-08 17:36:45.366
adb9f520-908e-484b-bab0-2d69bab680e7,Sandviç Ekmeği,firin-pastane-ekmek-sandvic-ekmegi,b44c7330-32c1-461f-a1c9-7bb81ad88d6d,2026-03-08 14:38:25.36,2026-03-08 17:36:51.844
ae444604-5428-4054-8065-f04fe1092613,Tavuk Köfte,et-tavuk-balik-tavuk-tavuk-kofte,7c9df1e9-4642-4e15-ac7f-8de56de378a7,2026-03-08 14:38:08.187,2026-03-08 17:36:32.428
af45bb27-f7f8-418d-b1f4-3d1530e9f6e4,Greyfurt,meyve-sebze-meyve-greyfurt,cfc6e283-fd9d-4f84-b649-b0cd0a4bf10c,2026-03-08 14:39:05.038,2026-03-08 17:37:37.905
b0435fff-e1cb-48a1-80f2-4191a55a6132,Elektronik,elektronik,,2026-03-08 14:36:40.314,2026-03-08 17:34:50.029
b105bcc8-bf04-4525-ae51-e8aab9047d94,Kereviz,meyve-sebze-sebze-kereviz,89769bae-df7e-49b8-ab45-38811e738e42,2026-03-08 14:38:32.562,2026-03-08 17:36:59.853
b25690c5-f02b-4784-bfb7-f07c8ae056ac,Sıvı Deterjan,temizlik-deterjan-sivi-deterjan,fc9ecf36-0e92-4be8-9f68-1ec37f428821,2026-03-08 14:38:48.77,2026-03-08 17:37:18.146
b39b821d-17e2-4e6e-ad50-0a2c5e282d27,Bebek Maması,anne-bebek-bebek-bebek-mamasi,d9c8898f-8b1b-47fe-9831-5e85fce8f3e0,2026-03-08 14:37:57.301,2026-03-08 17:36:20.024
b44c7330-32c1-461f-a1c9-7bb81ad88d6d,Ekmek,firin-pastane-ekmek,3caf080d-db65-4edb-a59d-dc0c425184f4,2026-03-08 14:36:58.237,2026-03-08 17:35:10.175
b562fe1e-ef8f-450b-9a0c-21d6e4c7cae2,Tavuk Izgara,et-tavuk-balik-tavuk-tavuk-izgara,7c9df1e9-4642-4e15-ac7f-8de56de378a7,2026-03-08 14:38:07.715,2026-03-08 17:36:31.897
b61841ff-7a52-4fd7-872e-8fbd35014166,Enerji İçecekleri,icecek-enerji-icecekleri,fd48a757-945e-41c6-9f79-9bc6556aa5bc,2026-03-08 14:37:14.398,2026-03-08 17:35:28.49
b6b71c9c-8245-49b0-a633-98fc12867120,Yeşil Mercimek,temel-gida-yesil-mercimek,608a147e-1b22-4b90-a8c5-295841b4bbde,2026-03-08 14:37:32.472,2026-03-08 17:35:51.471
b788e086-201d-4e2e-968e-8ac602cc5f36,Galeta Unu,temel-gida-un-galeta-unu,28f5c3aa-3ebb-4352-ba97-5a9a6e2ebaeb,2026-03-08 14:38:45.925,2026-03-08 17:37:14.881
b78eba2e-89b2-4801-8a45-70d7844ef80e,Sıvı Deterjan,temizlik-sivi-deterjan,86d91619-3cdd-47d7-ad24-c537dc35d8fb,2026-03-08 14:37:44.389,2026-03-08 17:36:05.428
b80941ed-9326-4732-bc5e-1fb54faf18a4,Leblebi,atistirmalik-kuruyemis-leblebi,03ccd541-f911-4b22-a3c0-cc08f8eb16d4,2026-03-08 14:38:04.388,2026-03-08 17:36:28.169
b9378f55-5989-4c22-832c-f9467ff98387,Cips,atistirmalik-cips,060bf425-1dd0-4076-bb50-d8e41146e743,2026-03-08 14:36:49.129,2026-03-08 17:34:59.883
b9c7d035-15ca-477e-80d5-94ddae6bad49,Hindi,et-tavuk-balik-hindi,4065784c-01c9-41d6-b562-6c62db572089,2026-03-08 14:36:53.868,2026-03-08 17:35:05.358
ba86b5bf-157d-491c-bd5c-bb60ccd8f898,Kahvaltılık Gevrekler,kahvaltilik-kahvaltilik-gevrekler,a5ff0222-bb3d-426a-b926-d82edd08488d,2026-03-08 14:37:20.556,2026-03-08 17:35:36.534
bb5cc090-2900-44c3-853f-6adef96f3ef2,Portakal,meyve-sebze-meyve-portakal,cfc6e283-fd9d-4f84-b649-b0cd0a4bf10c,2026-03-08 14:38:29.717,2026-03-08 17:36:56.645
bbd8e606-078d-4e88-96f3-93ec472e9be7,Güneş Koruyucu Ürünler,kisisel-bakim-kozmetik-gunes-koruyucu-urunler,6a5a4424-d133-47a3-8ff0-71380516b405,2026-03-08 14:37:08.154,2026-03-08 17:35:21.581
bbe2658f-6913-46d6-a4be-0efe7e4236cb,Siirt Fıstığı,atistirmalik-kuruyemis-siirt-fistigi,03ccd541-f911-4b22-a3c0-cc08f8eb16d4,2026-03-08 14:38:05.82,2026-03-08 17:36:29.762
bd00cd29-40ae-4bb3-a8e4-6fdd4293ae87,Bulgur,temel-gida-bulgur,608a147e-1b22-4b90-a8c5-295841b4bbde,2026-03-08 14:37:28.228,2026-03-08 17:35:45.809
bda3fc2a-ee50-4318-9816-0188819d0e68,Parfüm & Deodorant,kisisel-bakim-kozmetik-parfum-deodorant,6a5a4424-d133-47a3-8ff0-71380516b405,2026-03-08 14:37:09.571,2026-03-08 17:35:23.176
bde6ff41-4511-416e-b474-6701d1492f3b,Böğürtlen,meyve-sebze-meyve-bogurtlen,cfc6e283-fd9d-4f84-b649-b0cd0a4bf10c,2026-03-08 14:39:04.09,2026-03-08 17:37:36.405
be245f98-8610-47d2-8760-105599d658df,Çilek,meyve-sebze-meyve-cilek,cfc6e283-fd9d-4f84-b649-b0cd0a4bf10c,2026-03-08 14:39:01.247,2026-03-08 17:37:32.428
be30acc8-8764-4ddf-abd5-fb5f80f24754,Diğer,temel-gida-pirinc-diger,2fd8fb54-4266-440d-ac11-8f6cc343f835,2026-03-08 14:39:09.296,2026-03-08 17:37:42.982
c17d8469-b79a-4a14-a56d-9d99a73cc380,Dondurulmuş Meyve,hazir-yemek-dondurulmus-dondurulmus-meyve,dd0fa04e-6378-4792-9424-0c59497aec3d,2026-03-08 14:37:52.919,2026-03-08 17:36:15.19
c40004b8-2954-4b69-85ce-83e554f56f99,Ekmek,firin-pastane-ekmek-ekmek,b44c7330-32c1-461f-a1c9-7bb81ad88d6d,2026-03-08 14:38:21.091,2026-03-08 17:36:46.959
c4622575-46cb-4251-8d92-8f1178065b03,Angelica Erik,meyve-sebze-meyve-angelica-erik,cfc6e283-fd9d-4f84-b649-b0cd0a4bf10c,2026-03-08 14:39:06.932,2026-03-08 17:37:40.186
c47901dc-95f6-46ce-870f-1b77796ac0ef,Diğer,icecek-diger,fd48a757-945e-41c6-9f79-9bc6556aa5bc,2026-03-08 14:37:53.393,2026-03-08 17:36:15.72
c4ee59fd-4680-424e-a985-21d4212c00c5,Çamaşır Makinesi Temizleyici,temizlik-deterjan-camasir-makinesi-temizleyici,fc9ecf36-0e92-4be8-9f68-1ec37f428821,2026-03-08 14:38:51.136,2026-03-08 17:37:20.82
c628fac8-215f-4a79-8e06-d2e86efeff20,Antep Fıstığı,atistirmalik-kuruyemis-antep-fistigi,03ccd541-f911-4b22-a3c0-cc08f8eb16d4,2026-03-08 14:38:03.913,2026-03-08 17:36:27.639
c77c7b53-3909-4e86-bade-c277d490aab7,Kinoa,temel-gida-kinoa,608a147e-1b22-4b90-a8c5-295841b4bbde,2026-03-08 14:37:31.527,2026-03-08 17:35:50.321
c7d0fb86-4f77-43e0-8ec6-acf935a414a6,Toz Deterjan,temizlik-toz-deterjan,86d91619-3cdd-47d7-ad24-c537dc35d8fb,2026-03-08 14:37:45.335,2026-03-08 17:36:06.521
c7d44eff-dbdf-4f7c-84de-f307bcdea926,Şeker,temel-gida-seker,608a147e-1b22-4b90-a8c5-295841b4bbde,2026-03-08 14:37:40.043,2026-03-08 17:36:00.541
c928e6f9-77a3-4634-aee6-db3146e9a9db,Açma,firin-pastane-acma-pogaca-borek-acma,4d1d393c-ce98-4180-aa17-0e98dce4fd81,2026-03-08 14:38:58.88,2026-03-08 17:37:29.633
c9297de2-9212-44e2-a2ee-825cc407aaa3,Süt Ürünleri,sut-urunleri,,2026-03-08 14:36:44.714,2026-03-08 17:34:54.916
ca4e73b3-1cd9-4dd9-a0d4-18399da7b122,Midyat,temel-gida-bulgur-midyat,bd00cd29-40ae-4bb3-a8e4-6fdd4293ae87,2026-03-08 14:38:40.135,2026-03-08 17:37:08.511
cbb06695-9181-4a16-b702-810e2afc3190,Dana Kavurma,et-tavuk-balik-kavurma-dana-kavurma,972cfd14-e9af-4fba-9e52-2835fe05c092,2026-03-08 14:38:16.813,2026-03-08 17:36:42.115
cc923252-12a5-4c0b-9229-b6b45fe64fa5,Dondurulmuş Yemek,hazir-yemek-dondurulmus-dondurulmus-yemek,dd0fa04e-6378-4792-9424-0c59497aec3d,2026-03-08 14:37:00.591,2026-03-08 17:35:12.937
ccee4aed-127c-4742-b74f-3f5d7dcc8eed,Kitel,temel-gida-bulgur-kitel,bd00cd29-40ae-4bb3-a8e4-6fdd4293ae87,2026-03-08 14:38:40.613,2026-03-08 17:37:09.041
ce96796b-4d13-4bba-9e36-c2549c0a70f6,Havuç,meyve-sebze-sebze-havuc,89769bae-df7e-49b8-ab45-38811e738e42,2026-03-08 14:39:08.351,2026-03-08 17:37:41.806
cf05e80a-d428-46e5-a813-bcf462b8c3dc,Pancar,meyve-sebze-sebze-pancar,89769bae-df7e-49b8-ab45-38811e738e42,2026-03-08 14:38:33.981,2026-03-08 17:37:01.475
cf8d8ad3-3ff5-4e93-873a-b3076ed465b5,Baldo Pirinç,temel-gida-pirinc-baldo-pirinc,2fd8fb54-4266-440d-ac11-8f6cc343f835,2026-03-08 14:38:38.716,2026-03-08 17:37:06.795
cfc6e283-fd9d-4f84-b649-b0cd0a4bf10c,Meyve,meyve-sebze-meyve,25f5a722-e0dc-40cf-bedb-92955548a5a2,2026-03-08 14:37:11.086,2026-03-08 17:35:24.769
cfe846fb-c251-46b2-9566-41ded4899d5e,Kuru Meyve,atistirmalik-kuruyemis-kuru-meyve,03ccd541-f911-4b22-a3c0-cc08f8eb16d4,2026-03-08 14:38:02.024,2026-03-08 17:36:25.502
d035ab23-0726-42e7-9d36-9cf5e8ddaf39,Diğer,et-tavuk-balik-kirimizi-et-diger,1097933a-9a1c-455d-98f3-77760b4590d8,2026-03-08 14:38:13.497,2026-03-08 17:36:38.389
d07a9beb-69b7-4886-84cd-25123805dfa3,Sirkeler,temel-gida-sirkeler,608a147e-1b22-4b90-a8c5-295841b4bbde,2026-03-08 14:37:36.741,2026-03-08 17:35:56.726
d0e91a55-af23-4660-b1ba-838ffd021b4a,Çöp Poşeti,temizlik-cop-poseti,86d91619-3cdd-47d7-ad24-c537dc35d8fb,2026-03-08 14:37:48.176,2026-03-08 17:36:09.79
d149c2b1-c679-45c7-b9a1-0be90697370e,Ayran,sut-urunleri-ayran,c9297de2-9212-44e2-a2ee-825cc407aaa3,2026-03-08 14:37:12.978,2026-03-08 17:35:26.896
d1abaaa0-62b3-4676-9267-2a6326c6b81a,Konsantre,temizlik-deterjan-konsantre,fc9ecf36-0e92-4be8-9f68-1ec37f428821,2026-03-08 14:38:50.189,2026-03-08 17:37:19.759
d29a6e61-0865-49f9-b0b9-81b5a058b493,Kefir,sut-urunleri-kefir,c9297de2-9212-44e2-a2ee-825cc407aaa3,2026-03-08 14:37:12.505,2026-03-08 17:35:26.363
d2af06b2-db5f-4c2b-b13e-8baf8ad5fb5e,Diğer,temizlik-deterjan-diger,fc9ecf36-0e92-4be8-9f68-1ec37f428821,2026-03-08 14:38:53.978,2026-03-08 17:37:24.11
d311f9c6-2f10-434e-8daf-0c3752e5f837,Dana Sucuk,et-tavuk-balik-sucuk-dana-sucuk,181f020e-7bcd-4003-b66d-bcdd05b14b59,2026-03-08 14:38:14.916,2026-03-08 17:36:39.983
d3752b98-7393-40c4-b621-1789fedc44a4,Krema,sut-urunleri-krema,c9297de2-9212-44e2-a2ee-825cc407aaa3,2026-03-08 14:37:21.503,2026-03-08 17:35:37.91
d383cc25-af60-4b47-bd9c-55010fef8820,Tahinli Çörek,firin-pastane-acma-pogaca-borek-tahinli-corek,4d1d393c-ce98-4180-aa17-0e98dce4fd81,2026-03-08 14:38:59.826,2026-03-08 17:37:30.707
d446d79b-b50b-4299-b75f-3e81f5ce510f,Pomelo,pomelo,cfc6e283-fd9d-4f84-b649-b0cd0a4bf10c,2026-03-08 21:35:54.191,2026-03-08 21:35:54.191
d503bf40-7e63-46be-8e1e-00e490f1226d,Bulaşık Deterjanı,temizlik-bulasik-deterjani,86d91619-3cdd-47d7-ad24-c537dc35d8fb,2026-03-08 14:37:42.502,2026-03-08 17:36:03.198
d63f9f11-b9bb-49b8-9357-d068c51daf2b,Kestane,atistirmalik-kuruyemis-kestane,03ccd541-f911-4b22-a3c0-cc08f8eb16d4,2026-03-08 14:39:04.563,2026-03-08 17:37:37.369
d64f5e35-6129-4aef-b151-b52b12beacb8,Garnitür,temel-gida-konserve-garnitur,313cd983-b8de-405a-91d7-1293f7161356,2026-03-08 14:38:41.654,2026-03-08 17:37:10.103
d72da799-1ee5-4f22-847e-7c1cfe32570b,Frambuaz,frambuaz,cfc6e283-fd9d-4f84-b649-b0cd0a4bf10c,2026-03-08 22:03:57.735,2026-03-08 22:03:57.735
d7cc4826-b77f-4a60-ae8a-4298459b69f5,Köftelik Bulgur,temel-gida-bulgur-koftelik-bulgur,bd00cd29-40ae-4bb3-a8e4-6fdd4293ae87,2026-03-08 14:38:38.245,2026-03-08 17:37:06.258
d85bb012-7a44-4abe-9281-a17b1eb6952c,Kaju,atistirmalik-kuruyemis-kaju,03ccd541-f911-4b22-a3c0-cc08f8eb16d4,2026-03-08 14:38:02.497,2026-03-08 17:36:26.044
d9c8898f-8b1b-47fe-9831-5e85fce8f3e0,Bebek,anne-bebek-bebek,7a48ff35-ccfb-45d8-bf5d-dd7c49896f2f,2026-03-08 14:36:48.184,2026-03-08 17:34:58.814
db6b1980-bacc-4865-bf07-e7a8a7373a5e,Diğer,et-tavuk-balik-diger,4065784c-01c9-41d6-b562-6c62db572089,2026-03-08 14:37:48.649,2026-03-08 17:36:10.322
dbd5180e-0e4a-4b17-80af-fffb270baaea,Diğer,temel-gida-bulgur-diger,bd00cd29-40ae-4bb3-a8e4-6fdd4293ae87,2026-03-08 14:39:08.823,2026-03-08 17:37:42.353
dc538569-9f11-4317-b107-dd62fe51350a,Sandviç & Dürüm,hazir-yemek-dondurulmus-sandvic-durum,dd0fa04e-6378-4792-9424-0c59497aec3d,2026-03-08 14:37:03.425,2026-03-08 17:35:16.143
dc878da3-6def-4565-b626-a1f7ee460278,İthal Pirinç,temel-gida-pirinc-ithal-pirinc,2fd8fb54-4266-440d-ac11-8f6cc343f835,2026-03-08 14:38:37.3,2026-03-08 17:37:05.195
dcffb138-cb16-4074-b0f5-1b77f7373f3e,Kedi Kumu,evcil-hayvan-kedi-kumu,0da787f5-e2b3-463b-83fc-8c302dfc49d4,2026-03-08 14:37:49.123,2026-03-08 17:36:10.878
dd0fa04e-6378-4792-9424-0c59497aec3d,Hazır Yemek & Dondurulmuş,hazir-yemek-dondurulmus,,2026-03-08 14:36:42.807,2026-03-08 17:34:52.706
df875eb6-fc08-4dee-a594-0a1897f05c77,Tuvalet Kağıdı,kagit-urunleri-tuvalet-kagidi,e98e5b26-bcd6-4c10-8896-265d8020b906,2026-03-08 14:37:05.311,2026-03-08 17:35:18.271
e0e436ad-4894-4a9b-b97d-77392736c245,Tavuk Kanat,et-tavuk-balik-tavuk-tavuk-kanat,7c9df1e9-4642-4e15-ac7f-8de56de378a7,2026-03-08 14:38:11.126,2026-03-08 17:36:35.625
e22db515-8d35-46ab-8f2b-83235ddc7b24,Aksesuar,evcil-hayvan-aksesuar,0da787f5-e2b3-463b-83fc-8c302dfc49d4,2026-03-08 14:37:51.017,2026-03-08 17:36:13.039
e28c04e0-0193-48b9-9f22-65e1e83e96ab,Kahveler,icecek-kahveler,fd48a757-945e-41c6-9f79-9bc6556aa5bc,2026-03-08 14:37:15.823,2026-03-08 17:35:30.096
e424193e-e326-4e38-9b56-9f2d4706272b,Tavuk But,et-tavuk-balik-tavuk-tavuk-but,7c9df1e9-4642-4e15-ac7f-8de56de378a7,2026-03-08 14:38:09.608,2026-03-08 17:36:34.034
e5403880-69d6-4046-8dab-a4907a78ff2d,Diğer,elektronik-diger,b0435fff-e1cb-48a1-80f2-4191a55a6132,2026-03-08 14:37:56.331,2026-03-08 17:36:18.942
e5476f76-e590-4ba3-a723-28285089a05a,Zeytin,kahvaltilik-zeytin,a5ff0222-bb3d-426a-b926-d82edd08488d,2026-03-08 14:37:26.337,2026-03-08 17:35:43.549
e560c0e8-f3ad-4cca-9a2d-2eecb7e3619e,Ramazan Pidesi,firin-pastane-ramazan-pidesi,3caf080d-db65-4edb-a59d-dc0c425184f4,2026-03-08 14:37:51.971,2026-03-08 17:36:14.12
e695083d-ac36-4412-af2d-c023db76a852,Pilavlık Pirinç,temel-gida-pirinc-pilavlik-pirinc,2fd8fb54-4266-440d-ac11-8f6cc343f835,2026-03-08 14:38:36.826,2026-03-08 17:37:04.666
e7728f32-838b-49ae-8a6a-d1c6762eef4f,Kaymak,sut-urunleri-kaymak,c9297de2-9212-44e2-a2ee-825cc407aaa3,2026-03-08 14:37:21.976,2026-03-08 17:35:38.571
e800df35-334f-46d3-bde1-a9f9e18702da,Hindi Salam,et-tavuk-balik-salam-hindi-salam,15c5eb41-ac6d-4d9d-8f23-75df3354d3a6,2026-03-08 14:38:17.767,2026-03-08 17:36:43.184
e8121b55-64d6-42f5-8f91-95698483bdbb,Diğer,firin-pastane-acma-pogaca-borek-diger,4d1d393c-ce98-4180-aa17-0e98dce4fd81,2026-03-08 14:39:11.193,2026-03-08 17:37:45.241
e8bec22d-801e-48d0-9e9c-8bf8c86f33be,Çamaşır Suyu,temizlik-camasir-suyu,86d91619-3cdd-47d7-ad24-c537dc35d8fb,2026-03-08 14:37:43.917,2026-03-08 17:36:04.79
e93488bb-19cf-4fd5-ae25-9a614cf97e51,Sıvı Yağlar,temel-gida-sivi-yaglar,608a147e-1b22-4b90-a8c5-295841b4bbde,2026-03-08 14:37:39.569,2026-03-08 17:36:00.011
e98e5b26-bcd6-4c10-8896-265d8020b906,Kağıt Ürünleri,kagit-urunleri,,2026-03-08 14:36:43.283,2026-03-08 17:34:53.244
ead7e4bc-726b-4c6a-b7b1-c1dbd2fa70c2,Soslu Mısır,atistirmalik-kuruyemis-soslu-misir,03ccd541-f911-4b22-a3c0-cc08f8eb16d4,2026-03-08 14:38:00.608,2026-03-08 17:36:23.86
eb254f3d-2c5e-4c10-b954-53105803d000,Diğer,kagit-urunleri-diger,e98e5b26-bcd6-4c10-8896-265d8020b906,2026-03-08 14:37:55.852,2026-03-08 17:36:18.386
eb7efdd6-eb37-494a-96e8-a507330d5f61,Kuş Yemi,evcil-hayvan-kus-yemi,0da787f5-e2b3-463b-83fc-8c302dfc49d4,2026-03-08 14:37:50.544,2026-03-08 17:36:12.509
eb85ec47-ee2a-4d88-9524-b928bac87849,Makine Bulaşık,temizlik-bulasik-deterjani-makine-bulasik,d503bf40-7e63-46be-8e1e-00e490f1226d,2026-03-08 14:38:47.348,2026-03-08 17:37:16.542
edf9fe88-85af-494d-9bbe-7c656a5f0814,Biber Salçası,temel-gida-salca-biber-salcasi,9d6835c0-3f96-4c96-91e3-d224756a0309,2026-03-08 14:38:43.076,2026-03-08 17:37:11.694
ee740e17-d1e9-4d64-a221-7a6afbc81b4e,Piliç Sucuk,et-tavuk-balik-sucuk-pilic-sucuk,181f020e-7bcd-4003-b66d-bcdd05b14b59,2026-03-08 14:38:15.389,2026-03-08 17:36:40.514
ee7d8d26-e94d-44be-a4db-57adb5912b34,Kivi,meyve-sebze-meyve-kivi,cfc6e283-fd9d-4f84-b649-b0cd0a4bf10c,2026-03-08 14:38:28.288,2026-03-08 17:36:55.05
ef4e317c-fbd0-4cf3-96ac-6d74d98d5130,Hindi Sucuk,et-tavuk-balik-sucuk-hindi-sucuk,181f020e-7bcd-4003-b66d-bcdd05b14b59,2026-03-08 14:38:55.867,2026-03-08 17:37:26.293
f08c8033-d423-40cf-a6a1-2a4eb97197eb,Osmancık Pirinç,temel-gida-pirinc-osmancik-pirinc,2fd8fb54-4266-440d-ac11-8f6cc343f835,2026-03-08 14:38:39.662,2026-03-08 17:37:07.977
f2aa101f-6ab5-46c9-bf9e-22917af92884,Dana Sosis,et-tavuk-balik-sosis-dana-sosis,784a7ab1-e772-47db-8ffe-07918de067f0,2026-03-08 14:38:19.2,2026-03-08 17:36:44.778
f377ea78-6b27-445b-b691-ceafbccbc9de,Krem & Üçgen Peynir,sut-urunleri-krem-ucgen-peynir,c9297de2-9212-44e2-a2ee-825cc407aaa3,2026-03-08 14:37:22.448,2026-03-08 17:35:39.16
f446b8f4-01c8-4a32-b823-3eb39e4f3282,Nar,meyve-sebze-meyve-nar,cfc6e283-fd9d-4f84-b649-b0cd0a4bf10c,2026-03-08 14:39:06.46,2026-03-08 17:37:39.649
f6ad8901-50b9-4f16-b921-fe6df7748c99,Lime,meyve-sebze-meyve-lime,cfc6e283-fd9d-4f84-b649-b0cd0a4bf10c,2026-03-08 14:39:02.195,2026-03-08 17:37:33.489
f713f938-0e65-48d5-a0be-345e8658e045,Ketçap,temel-gida-ketcap,608a147e-1b22-4b90-a8c5-295841b4bbde,2026-03-08 14:37:35.8,2026-03-08 17:35:55.544
fb0bf764-6dd8-423b-bda5-df16d7a8b502,Aydınlatma,elektronik-aydinlatma,b0435fff-e1cb-48a1-80f2-4191a55a6132,2026-03-08 14:36:51.506,2026-03-08 17:35:02.539
fc277c12-7d56-461d-a911-0f3df8e2dae3,Bebek Bezi,anne-bebek-bebek-bebek-bezi,d9c8898f-8b1b-47fe-9831-5e85fce8f3e0,2026-03-08 14:37:58.246,2026-03-08 17:36:21.192
fc4542be-c5a8-48dd-92ea-206fbbdc521a,Su,icecek-su,fd48a757-945e-41c6-9f79-9bc6556aa5bc,2026-03-08 14:37:16.771,2026-03-08 17:35:31.19
fc9ecf36-0e92-4be8-9f68-1ec37f428821,Deterjan,temizlik-deterjan,86d91619-3cdd-47d7-ad24-c537dc35d8fb,2026-03-08 14:37:42.974,2026-03-08 17:36:03.729
fd48a757-945e-41c6-9f79-9bc6556aa5bc,İçecek,icecek,,2026-03-08 14:36:45.191,2026-03-08 17:34:55.477
fd4a2fdf-ddb2-4e18-a291-ab93945d6fb1,Mısır Özü Yağı,temel-gida-sivi-yaglar-misir-ozu-yagi,e93488bb-19cf-4fd5-ae25-9a614cf97e51,2026-03-08 14:38:44.975,2026-03-08 17:37:13.821
fe485495-a6bb-4e8c-8c6e-b9c76daee73a,Lavaş,firin-pastane-ekmek-lavas,b44c7330-32c1-461f-a1c9-7bb81ad88d6d,2026-03-08 14:38:24.885,2026-03-08 17:36:51.207
fe75e355-2af7-4426-b665-b906e0621109,Bakla,temel-gida-bakla,608a147e-1b22-4b90-a8c5-295841b4bbde,2026-03-08 14:37:53.867,2026-03-08 17:36:16.252
fe84fde1-2e1d-49ab-bdb2-7487dfd6470e,Diğer,atistirmalik-kuruyemis-diger,03ccd541-f911-4b22-a3c0-cc08f8eb16d4,2026-03-08 14:38:53.504,2026-03-08 17:37:23.58
fed064b9-3954-42a6-a87d-60ae33a5563d,Hazır Tatlı,hazir-yemek-dondurulmus-hazir-tatli,dd0fa04e-6378-4792-9424-0c59497aec3d,2026-03-08 14:37:01.539,2026-03-08 17:35:14.013
ffb299db-6c81-4101-bce4-b7dea064bb95,Helva,kahvaltilik-helva,a5ff0222-bb3d-426a-b926-d82edd08488d,2026-03-08 14:37:19.612,2026-03-08 17:35:35.134
ffc43acf-34ca-4a2d-ba39-34bdd9f74b57,Fındık Yağı,temel-gida-sivi-yaglar-findik-yagi,e93488bb-19cf-4fd5-ae25-9a614cf97e51,2026-03-08 14:39:10.244,2026-03-08 17:37:44.155